w,k,B,window_start,window_end,window_id,ARI_mean,ARI_q025,ARI_q975
5,2,500,13,17,"[13,17]",0.3905165659595621,-0.04844840693897238,1
5,2,500,14,18,"[14,18]",0.327778178231653,0.06447709593777026,0.6784507722007721
5,2,500,15,19,"[15,19]",0.2229116524047238,0.01120273844717594,0.6171990171990172
5,2,500,16,20,"[16,20]",0.1884227701862062,0.035585042219541584,0.4167364016736402
5,2,500,17,21,"[17,21]",0.11673051928442776,-0.007550395327302565,0.2974272318347336
5,2,500,18,22,"[18,22]",0.08769597992901852,-0.024877990715391006,0.24372248006664282
5,2,500,19,23,"[19,23]",0.11421477216197594,-0.030520646319569262,0.4031804281345565
