w,k,B,window_start,window_end,window_id,ARI_mean,ARI_q025,ARI_q975
5,4,500,13,17,"[13,17]",0.20465293572018453,0.04039053096161559,0.39697633055137505
5,4,500,14,18,"[14,18]",0.13683343102093884,0.0053261202978166,0.3269428077272594
5,4,500,15,19,"[15,19]",0.11206712473496436,0.003515228077884275,0.27876124654086304
5,4,500,16,20,"[16,20]",0.1606451428381908,0.025408193195150603,0.38006024096385543
5,4,500,17,21,"[17,21]",0.2755974664443114,0.04547758537361638,0.520030590034708
5,4,500,18,22,"[18,22]",0.1386362231620999,-0.009638852663252127,0.32279661141372173
5,4,500,19,23,"[19,23]",0.06868288449707545,-0.023087403370553577,0.18361281790286274
