w,k,B,window_start,window_end,window_id,ARI_mean,ARI_q025,ARI_q975
5,3,500,13,17,"[13,17]",0.3517023401839916,0.17156684815486986,0.5284161077075816
5,3,500,14,18,"[14,18]",0.12418705673376937,-0.00844228711605209,0.30441233389240097
5,3,500,15,19,"[15,19]",0.06157255901974853,-0.021312680945787477,0.22339618079111226
5,3,500,16,20,"[16,20]",0.16047571744294173,-0.007598242906327919,0.36065062495501765
5,3,500,17,21,"[17,21]",0.08191137429294292,-0.02753833698447478,0.32172526243126803
5,3,500,18,22,"[18,22]",0.19556303982708956,0.034406536431811865,0.46156968553759464
5,3,500,19,23,"[19,23]",0.1143545516922572,-0.013411113783978827,0.26766268260292164
