w,k,B,window_start,window_end,window_id,ARI_mean,ARI_q025,ARI_q975
5,3,500,13,17,"[13,17]",0.2151049168047316,0.03811576354679809,0.4551424030017979
5,3,500,14,18,"[14,18]",0.2393612200420941,-0.008059680011513765,0.5196279743930426
5,3,500,15,19,"[15,19]",0.18469970539930292,-0.009384521633150504,0.4486733101212631
5,3,500,16,20,"[16,20]",0.1926448285701946,-0.01578094544771389,0.4775563195730051
5,3,500,17,21,"[17,21]",0.0826596600578121,-0.034582201821633754,0.2508354771235545
5,3,500,18,22,"[18,22]",0.13014242703921056,-0.0035733428622475747,0.32881311537866253
5,3,500,19,23,"[19,23]",0.19005848936085132,-0.021252485514528213,0.4346699023771441
