w,k,B,window_start,window_end,window_id,ARI_mean,ARI_q025,ARI_q975
5,2,500,13,17,"[13,17]",0.43494238620366227,-0.04844840693897238,1
5,2,500,14,18,"[14,18]",0.3580859620879262,-0.03698193411264617,0.7503512880562061
5,2,500,15,19,"[15,19]",0.2228935494662345,-0.028532046864231636,0.510934393638171
5,2,500,16,20,"[16,20]",0.17415815874121537,0.015015015015015076,0.40925051459014405
5,2,500,17,21,"[17,21]",0.06861145157847405,-0.021594684385382052,0.29739378793288107
5,2,500,18,22,"[18,22]",0.1283502953639494,0.004404237590763021,0.3561741613133476
5,2,500,19,23,"[19,23]",0.08785908827466607,-0.04972170686456404,0.38590308370044046
