w,k,B,window_start,window_end,window_id,ARI_mean,ARI_q025,ARI_q975
5,4,500,13,17,"[13,17]",0.23152486741324055,0.062004419602235836,0.48731334223625106
5,4,500,14,18,"[14,18]",0.20072414626950116,0.014711622914023599,0.3863529807773223
5,4,500,15,19,"[15,19]",0.10023759746089005,-0.03272563293177861,0.28941397490259374
5,4,500,16,20,"[16,20]",0.1652395975446027,-0.014521732610162683,0.38881360108414437
5,4,500,17,21,"[17,21]",0.1433819210991463,-0.032327794415998465,0.3355940341505867
5,4,500,18,22,"[18,22]",0.26472825806845546,-0.018792502205763166,0.49853722096568004
5,4,500,19,23,"[19,23]",0.09486041114273105,0.019246455013176053,0.2463466192824975
